DATA LOGGER INTERVAL @ 100ms,,,,
TIME(s),RGH Level,RGH Valve,SCV Level,SCV Valve
27.6,7.066,7,0.589,10
27.7,7.066,7,0.589,10
27.8,7.076,7,0.589,10
27.9,7.076,7,0.589,10
28,7.066,7,0.589,10
28.1,7.076,7,0.589,10
28.2,7.066,7,0.589,10
28.3,7.066,7,0.589,10
28.4,7.066,7,0.589,10
28.5,7.076,7,0.589,10
28.6,7.076,7,0.589,10
28.7,7.066,7,0.589,10
28.8,7.076,7,0.589,10
28.9,7.076,7,0.589,10
29,7.066,7,0.589,10
29.1,7.066,7,0.589,10
29.2,7.066,7,0.589,10
29.3,7.066,7,0.589,10
29.4,7.066,7,0.589,10
29.5,7.066,7,0.589,10
29.6,7.066,7,0.589,10
29.7,7.066,7,0.589,10
29.8,7.066,7,0.589,10
29.9,7.076,7,0.589,10
30,7.066,7,0.589,10
30.1,7.076,7,0.589,10
30.2,7.066,7,0.589,10
30.3,7.066,7,0.589,10
30.4,7.066,7,0.589,10
30.5,7.076,7,0.589,10
30.6,7.066,7,0.589,10
30.7,7.066,7,0.589,10
30.8,7.066,7,0.589,10
30.9,7.066,7,0.589,10
31,7.076,7,0.589,10
31.1,7.066,7,0.589,10
31.2,7.066,7,0.589,10
31.3,7.066,7,0.589,10
31.4,7.066,7,0.589,10
31.5,7.066,7,0.589,10
31.6,7.076,7,0.589,10
31.7,7.066,7,0.589,10
31.8,7.066,7,0.589,10
31.9,7.066,7,0.589,10
32,7.076,7,0.589,10
32.1,7.066,7,0.589,10
32.2,7.066,7,0.589,10
32.3,7.066,7,0.589,10
32.4,7.076,7,0.589,10
32.5,7.066,7,0.589,10
32.6,7.066,7,0.589,10
32.7,7.066,7,0.589,10
32.8,7.076,7,0.589,10
32.9,7.066,7,0.589,10
33,7.066,7,0.589,10
33.1,7.076,7,0.589,10
33.2,7.076,7,0.589,10
33.3,7.076,7,0.589,10
33.4,7.076,7,0.589,10
33.5,7.076,7,0.589,10
33.6,7.076,7,0.589,10
33.7,7.076,7,0.589,10
33.8,7.076,7,0.589,10
33.9,7.066,7,0.589,10
34,7.066,7,0.589,10
34.1,7.076,7,0.589,10
34.2,7.066,7,0.589,10
34.3,7.066,7,0.589,10
34.4,7.076,7,0.589,10
34.5,7.076,7,0.589,10
34.6,7.066,7,0.589,10
34.7,7.066,7,0.589,10
34.8,7.076,7,0.589,10
34.9,7.066,7,0.589,10
35,7.066,7,0.589,10
35.1,7.066,7,0.589,10
35.2,7.076,7,0.589,10
35.3,7.066,7,0.589,10
35.4,7.066,7,0.589,10
35.5,7.076,7,0.589,10
35.6,7.066,7,0.589,10
35.7,7.066,7,0.589,10
35.8,7.066,7,0.589,10
35.9,7.066,7,0.589,10
36,7.066,7,0.589,10
36.1,7.076,7,0.589,10
36.2,7.066,7,0.589,10
36.3,7.066,7,0.589,10
36.4,7.076,7,0.589,10
36.5,7.066,7,0.589,10
36.6,7.076,7,0.589,10
36.7,7.076,7,0.589,10
36.8,7.076,7,0.589,10
36.9,7.076,7,0.589,10
37,7.076,7,0.589,10
37.1,7.066,7,0.589,10
37.2,7.066,7,0.589,10
37.3,7.066,7,0.589,10
37.4,7.076,7,0.589,10
37.5,7.066,7,0.589,10
37.6,7.076,7,0.589,10
37.7,7.066,7,0.589,10
37.8,7.066,7,0.589,10
37.9,7.066,7,0.589,10
38,7.066,7,0.589,10
38.1,7.066,7,0.589,10
38.2,7.066,7,0.589,10
38.3,7.066,7,0.589,10
38.4,7.076,7,0.589,10
38.5,7.076,7,0.589,10
38.6,7.066,7,0.579,10
38.7,7.076,7,0.589,10
38.8,7.076,7,0.589,10
38.9,7.066,7,0.589,10
39,7.076,7,0.589,10
39.1,7.066,7,0.589,10
39.2,7.066,7,0.589,10
39.3,7.066,7,0.589,10
39.4,7.066,7,0.589,10
39.5,7.066,7,0.589,10
39.6,7.076,7,0.589,10
39.7,7.076,7,0.589,10
39.8,7.076,7,0.589,10
39.9,7.076,7,0.589,10
40,7.066,7,0.589,10
40.1,7.076,7,0.589,10
40.2,7.076,7,0.589,10
40.3,7.066,7,0.589,10
40.4,7.076,7,0.589,10
40.5,7.076,7,0.589,10
40.6,7.066,7,0.589,10
40.7,7.066,7,0.589,10
40.8,7.066,7,0.589,10
40.9,7.076,7,0.589,10
41,7.066,7,0.589,10
41.1,7.066,7,0.589,10
41.2,7.066,7,0.589,10
41.3,7.076,7,0.589,10
41.4,7.076,7,0.589,10
41.5,7.066,7,0.589,10
41.6,7.066,7,0.589,10
41.7,7.066,7,0.589,10
41.8,7.066,7,0.589,10
41.9,7.066,7,0.589,10
42,7.066,7,0.589,10
42.1,7.066,7,0.589,10
42.2,7.076,7,0.589,10
42.3,7.076,7,0.589,10
42.4,7.066,7,0.589,10
42.5,7.066,7,0.589,10
42.6,7.076,7,0.589,10
42.7,7.076,7,0.589,10
42.8,7.076,7,0.589,10
42.9,7.066,7,0.589,10
43,7.076,7,0.589,10
43.1,7.066,7,0.589,10
43.2,7.076,7,0.589,10
43.3,7.076,7,0.589,10
43.4,7.076,7,0.589,10
43.5,7.066,7,0.589,10
43.6,7.066,7,0.589,10
43.7,7.076,7,0.589,10
43.8,7.066,7,0.589,10
43.9,7.066,7,0.589,10
44,7.066,7,0.589,10
44.1,7.066,7,0.589,10
44.2,7.076,7,0.589,10
44.3,7.066,7,0.589,10
44.4,7.076,7,0.589,10
44.5,7.066,7,0.589,10
44.6,7.066,7,0.589,10
44.7,7.056,7,0.589,10
44.8,7.066,7,0.589,10
44.9,7.066,7,0.589,10
45,7.066,7,0.589,10
45.1,7.076,7,0.589,10
45.2,7.066,7,0.589,10
45.3,7.066,7,0.589,10
45.4,7.076,7,0.579,10
45.5,7.066,7,0.589,10
45.6,7.076,7,0.589,10
45.7,7.076,7,0.589,10
45.8,7.066,7,0.589,10
45.9,7.066,7,0.589,10
46,7.066,7,0.589,10
46.1,7.076,7,0.589,10
46.2,7.066,7,0.589,10
46.3,7.076,7,0.589,10
46.4,7.066,7,0.589,10
46.5,7.066,7,0.589,10
46.6,7.066,7,0.589,10
46.7,7.066,7,0.589,10
46.8,7.066,7,0.589,10
46.9,7.066,7,0.589,10
47,7.076,7,0.589,10
47.1,7.076,7,0.589,10
47.2,7.076,7,0.589,10
47.3,7.066,7,0.589,10
47.4,7.076,7,0.589,10
47.5,7.066,7,0.589,10
47.6,7.066,7,0.589,10
47.7,7.066,7,0.589,10
47.8,7.066,7,0.589,10
47.9,7.066,7,0.589,10
48,7.076,7,0.589,10
48.1,7.066,7,0.589,10
48.2,7.066,7,0.589,10
48.3,7.066,7,0.589,10
48.4,7.066,7,0.589,10
48.5,7.066,7,0.589,10
48.6,7.076,7,0.589,10
48.7,7.076,7,0.589,10
48.8,7.066,7,0.589,10
48.9,7.076,7,0.589,10
49,7.066,7,0.589,10
49.1,7.066,7,0.589,10
49.2,7.066,7,0.589,10
49.3,7.066,7,0.589,10
49.4,7.066,7,0.589,10
49.5,7.076,7,0.589,10
49.6,7.066,7,0.589,10
49.7,7.076,7,0.589,10
49.8,7.066,7,0.589,10
49.9,7.066,7,0.589,10
50,7.066,7,0.589,10
50.1,7.066,7,0.589,10
50.2,7.066,7,0.589,10
50.3,7.076,7,0.589,10
50.4,7.066,7,0.589,10
50.5,7.066,7,0.589,10
50.6,7.076,7,0.589,10
50.7,7.066,7,0.589,10
50.8,7.066,7,0.589,10
50.9,7.066,7,0.589,10
51,7.066,7,0.589,10
51.1,7.066,7,0.589,10
51.2,7.066,7,0.589,10
51.3,7.066,7,0.589,10
51.4,7.066,7,0.589,10
51.5,7.066,7,0.589,10
51.6,7.076,7,0.589,10
51.7,7.076,7,0.589,10
51.8,7.066,7,0.589,10
51.9,7.066,7,0.589,10
52,7.076,7,0.589,10
52.1,7.066,7,0.589,10
52.2,7.066,7,0.589,10
52.3,7.066,7,0.579,10
52.4,7.076,7,0.589,10
52.5,7.066,7,0.589,10
52.6,7.066,7,0.589,10
52.7,7.066,7,0.589,10
52.8,7.066,7,0.589,10
52.9,7.076,7,0.589,10
53,7.066,7,0.589,10
53.1,7.066,7,0.589,10
53.2,7.066,7,0.589,10
53.3,7.076,7,0.589,10
53.4,7.066,7,0.589,10
53.5,7.066,7,0.589,10
53.6,7.066,7,0.589,10
53.7,7.076,7,0.589,10
53.8,7.066,7,0.589,10
53.9,7.066,7,0.589,10
54,7.076,7,0.589,10
54.1,7.066,7,0.589,10
54.2,7.076,7,0.589,10
54.3,7.076,7,0.589,10
54.4,7.066,7,0.589,10
54.5,7.066,7,0.579,10
54.6,7.066,7,0.589,10
54.7,7.076,7,0.589,10
54.8,7.076,7,0.589,10
54.9,7.066,7,0.589,10
55,7.076,7,0.589,10
55.1,7.066,7,0.589,10
55.2,7.066,7,0.589,10
55.3,7.066,7,0.589,10
55.4,7.066,7,0.589,10
55.5,7.066,7,0.589,10
55.6,7.076,7,0.589,10
55.7,7.066,7,0.589,10
55.8,7.066,7,0.589,10
55.9,7.066,7,0.589,10
56,7.066,7,0.589,10
56.1,7.066,7,0.589,10
56.2,7.066,7,0.589,10
56.3,7.066,7,0.589,10
56.4,7.066,7,0.589,10
56.5,7.066,7,0.589,10
56.6,7.066,7,0.589,10
56.7,7.066,7,0.589,10
56.8,7.076,7,0.589,10
56.9,7.076,7,0.589,10
57,7.066,7,0.589,10
57.1,7.076,7,0.589,10
57.2,7.066,7,0.589,10
57.3,7.076,7,0.589,10
57.4,7.066,7,0.589,10
57.5,7.066,7,0.589,10
57.6,7.066,7,0.589,10
57.7,7.076,7,0.589,10
57.8,7.076,7,0.589,10
57.9,7.076,7,0.589,10
58,7.066,7,0.589,10
58.1,7.066,7,0.589,10
58.2,7.076,7,0.589,10
58.3,7.076,7,0.589,10
58.4,7.066,7,0.589,10
58.5,7.076,7,0.589,10
58.6,7.076,7,0.589,10
58.7,7.066,7,0.589,10
58.8,7.066,7,0.589,10
58.9,7.066,7,0.589,10
59,7.066,7,0.589,10
59.1,7.076,7,0.589,10
59.2,7.066,7,0.589,10
59.3,7.066,7,0.589,10
59.4,7.066,7,0.589,10
59.5,7.076,7,0.589,10
59.6,7.066,7,0.589,10
59.7,7.066,7,0.589,10
59.8,7.066,7,0.589,10
59.9,7.066,7,0.589,10
60,7.066,7,0.589,10
60.1,7.076,7,0.589,10
60.2,7.066,7,0.589,10
60.3,7.066,7,0.589,10
60.4,7.066,7,0.589,10
60.5,7.066,7,0.589,10
60.6,7.066,7,0.589,10
60.7,7.066,7,0.589,10
60.8,7.076,7,0.589,10
60.9,7.066,7,0.589,10
61,7.076,7,0.589,10
61.1,7.076,7,0.589,10
61.2,7.066,7,0.589,10
61.3,7.076,7,0.589,10
61.4,7.076,7,0.589,10
61.5,7.066,7,0.589,10
61.6,7.066,7,0.589,10
61.7,7.076,7,0.589,10
61.8,7.066,7,0.589,10
61.9,7.076,7,0.589,10
62,7.066,7,0.589,10
62.1,7.066,7,0.589,10
62.2,7.076,7,0.589,10
62.3,7.066,7,0.589,10
62.4,7.066,7,0.589,10
62.5,7.066,7,0.589,10
62.6,7.066,7,0.589,10
62.7,7.076,7,0.589,10
62.8,7.076,7,0.589,10
62.9,7.076,7,0.589,10
63,7.066,7,0.589,10
63.1,7.066,7,0.589,10
63.2,7.076,7,0.589,10
63.3,7.066,7,0.589,10
63.4,7.066,7,0.589,10
63.5,7.066,7,0.589,10
63.6,7.066,7,0.589,10
63.7,7.076,7,0.589,10
63.8,7.066,7,0.589,10
63.9,7.076,7,0.589,10
64,7.066,7,0.589,10
64.1,7.066,7,0.589,10
64.2,7.076,7,0.589,10
64.3,7.076,7,0.589,10
64.4,7.066,7,0.589,10
64.5,7.076,7,0.589,10
64.6,7.066,7,0.589,10
64.7,7.066,7,0.589,10
64.8,7.076,7,0.589,10
64.9,7.066,7,0.589,10
65,7.066,7,0.589,10
65.1,7.076,7,0.589,10
65.2,7.066,7,0.589,10
65.3,7.076,7,0.589,10
65.4,7.076,7,0.589,10
65.5,7.066,7,0.589,10
65.6,7.076,7,0.589,10
65.7,7.076,7,0.589,10
65.8,7.066,7,0.589,10
65.9,7.056,7,0.589,10
66,7.066,7,0.589,10
66.1,7.066,7,0.589,10
66.2,7.066,7,0.589,10
66.3,7.076,7,0.589,10
66.4,7.066,7,0.589,10
66.5,7.076,7,0.589,10
66.6,7.066,7,0.589,10
66.7,7.076,7,0.589,10
66.8,7.066,7,0.589,10
66.9,7.076,7,0.589,10
67,7.076,7,0.589,10
67.1,7.076,7,0.589,10
67.2,7.076,7,0.589,10
67.3,7.066,7,0.589,10
67.4,7.066,7,0.589,10
67.5,7.066,7,0.589,10
67.6,7.066,7,0.589,10
67.7,7.076,7,0.589,10
67.8,7.076,7,0.589,10
67.9,7.066,7,0.589,10
68,7.076,7,0.589,10
68.1,7.076,7,0.589,10
68.2,7.066,7,0.589,10
68.3,7.076,7,0.589,10
68.4,7.076,7,0.589,10
68.5,7.076,7,0.589,10
68.6,7.066,7,0.589,10
68.7,7.066,7,0.589,10
68.8,7.076,7,0.579,10
68.9,7.066,7,0.589,10
69,7.076,7,0.589,10
69.1,7.076,7,0.589,10
69.2,7.066,7,0.589,10
69.3,7.076,7,0.589,10
69.4,7.066,7,0.589,10
69.5,7.076,7,0.589,10
69.6,7.076,7,0.589,10
69.7,7.066,7,0.589,10
69.8,7.066,7,0.589,10
69.9,7.066,7,0.589,10
70,7.066,7,0.589,10
70.1,7.076,7,0.589,10
70.2,7.066,7,0.589,10
70.3,7.076,7,0.589,10
70.4,7.066,7,0.589,10
70.5,7.066,7,0.589,10
70.6,7.076,7,0.589,10
70.7,7.066,7,0.589,10
70.8,7.076,7,0.579,10
70.9,7.066,7,0.579,10
71,7.066,7,0.589,10
71.1,7.076,7,0.589,10
71.2,7.066,7,0.589,10
71.3,7.066,7,0.589,10
71.4,7.076,7,0.589,10
71.5,7.076,7,0.589,10
71.6,7.076,7,0.589,10
71.7,7.076,7,0.589,10
71.8,7.076,7,0.589,10
71.9,7.066,7,0.589,10
72,7.066,7,0.589,10
72.1,7.066,7,0.589,10
72.2,7.066,7,0.589,10
72.3,7.076,7,0.589,10
72.4,7.066,7,0.589,10
72.5,7.066,7,0.589,10
72.6,7.076,7,0.589,10
72.7,7.066,7,0.589,10
72.8,7.066,7,0.589,10
72.9,7.076,7,0.589,10
73,7.066,7,0.589,10
73.1,7.066,7,0.589,10
73.2,7.066,7,0.589,10
73.3,7.066,7,0.589,10
73.4,7.066,7,0.589,10
73.5,7.066,7,0.589,10
73.6,7.066,7,0.589,10
73.7,7.076,7,0.589,10
73.8,7.076,7,0.589,10
73.9,7.076,7,0.589,10
74,7.066,7,0.589,10
74.1,7.076,7,0.589,10
74.2,7.066,7,0.589,10
74.3,7.076,7,0.589,10
74.4,7.066,7,0.589,10
74.5,7.066,7,0.589,10
74.6,7.066,7,0.589,10
74.7,7.066,7,0.589,10
74.8,7.066,7,0.589,10
74.9,7.066,7,0.589,10
75,7.066,7,0.589,10
75.1,7.066,7,0.589,10
75.2,7.076,7,0.589,10
75.3,7.076,7,0.589,10
75.4,7.076,7,0.589,10
75.5,7.066,7,0.589,10
75.6,7.066,7,0.589,10
75.7,7.066,7,0.589,10
75.8,7.066,7,0.589,10
75.9,7.076,7,0.589,10
76,7.066,7,0.589,10
76.1,7.066,7,0.589,10
76.2,7.066,7,0.589,10
76.3,7.076,7,0.589,10
76.4,7.066,7,0.589,10
76.5,7.066,7,0.589,10
76.6,7.076,7,0.589,10
76.7,7.066,7,0.589,10
76.8,7.076,7,0.589,10
76.9,7.076,7,0.589,10
77,7.066,7,0.589,10
77.1,7.066,7,0.589,10
77.2,7.066,7,0.589,10
77.3,7.066,7,0.589,10
77.4,7.066,7,0.589,10
77.5,7.066,7,0.589,10
77.6,7.066,7,0.589,10
77.7,7.076,7,0.589,10
77.8,7.076,7,0.589,10
77.9,7.066,7,0.589,10
78,7.066,7,0.589,10
78.1,7.076,7,0.589,10
78.2,7.076,7,0.589,10
78.3,7.066,7,0.589,10
78.4,7.066,7,0.589,10
78.5,7.066,7,0.589,10
78.6,7.066,7,0.589,10
78.7,7.076,7,0.589,10
78.8,7.076,7,0.589,10
78.9,7.076,7,0.589,10
79,7.066,7,0.589,10
79.1,7.066,7,0.589,10
79.2,7.066,7,0.589,10
79.3,7.066,7,0.589,10
79.4,7.076,7,0.589,10
79.5,7.066,7,0.589,10
79.6,7.066,7,0.589,10
79.7,7.076,7,0.589,10
79.8,7.066,7,0.589,10
79.9,7.076,7,0.589,10
80,7.066,7,0.589,10
80.1,7.076,7,0.589,10
80.2,7.066,7,0.589,10
80.3,7.076,7,0.589,10
80.4,7.076,7,0.589,10
80.5,7.066,7,0.589,10
80.6,7.076,7,0.589,10
80.7,7.066,7,0.589,10
80.8,7.066,7,0.589,10
80.9,7.066,7,0.589,10
81,7.076,7,0.589,10
81.1,7.076,7,0.589,10
81.2,7.066,7,0.589,10
81.3,7.076,7,0.589,10
81.4,7.066,7,0.589,10
81.5,7.066,7,0.589,10
81.6,7.076,7,0.589,10
81.7,7.066,7,0.589,10
81.8,7.066,7,0.579,10
81.9,7.076,7,0.589,10
82,7.076,7,0.589,10
82.1,7.066,7,0.589,10
82.2,7.076,7,0.589,10
82.3,7.076,7,0.589,10
82.4,7.066,7,0.589,10
82.5,7.066,7,0.589,10
82.6,7.066,7,0.589,10
82.7,7.066,7,0.589,10
82.8,7.076,7,0.589,10
82.9,7.066,7,0.589,10
83,7.076,7,0.589,10
83.1,7.066,7,0.589,10
83.2,7.066,7,0.589,10
83.3,7.066,7,0.589,10
83.4,7.076,7,0.589,10
83.5,7.066,7,0.589,10
83.6,7.066,7,0.589,10
83.7,7.066,7,0.589,10
83.8,7.076,7,0.589,10
83.9,7.056,7,0.589,10
84,7.066,7,0.589,10
84.1,7.056,7,0.589,10
84.2,7.076,7,0.589,10
84.3,7.076,7,0.589,10
84.4,7.076,7,0.589,10
84.5,7.066,7,0.589,10
84.6,7.066,7,0.589,10
84.7,7.066,7,0.589,10
84.8,7.076,7,0.589,10
84.9,7.076,7,0.589,10
85,7.066,7,0.589,10
85.1,7.066,7,0.589,10
85.2,7.076,7,0.589,10
85.3,7.076,7,0.589,10
85.4,7.066,7,0.589,10
85.5,7.066,7,0.589,10
85.6,7.066,7,0.589,10
85.7,7.066,7,0.589,10
85.8,7.066,7,0.589,10
85.9,7.076,7,0.589,10
86,7.076,7,0.589,10
86.1,7.066,7,0.589,10
86.2,7.076,7,0.589,10
86.3,7.076,7,0.589,10
86.4,7.076,7,0.589,10
86.5,7.066,7,0.589,10
86.6,7.076,7,0.589,10
86.7,7.066,7,0.589,10
86.8,7.066,7,0.589,10
86.9,7.066,7,0.589,10
87,7.066,7,0.589,10
87.1,7.076,7,0.589,10
87.2,7.066,7,0.579,10
87.3,7.076,7,0.589,10
87.4,7.066,7,0.589,10
87.5,7.076,7,0.589,10
87.6,7.076,7,0.579,10
87.7,7.076,7,0.589,10
87.8,7.076,7,0.589,10
87.9,7.066,7,0.589,10
88,7.076,7,0.589,10
88.1,7.076,7,0.589,10
88.2,7.066,7,0.589,10
88.3,7.076,7,0.589,10
88.4,7.066,7,0.589,10
88.5,7.066,7,0.589,10
88.6,7.076,7,0.589,10
88.7,7.076,7,0.589,10
88.8,7.076,7,0.589,10
88.9,7.066,7,0.589,10
89,7.076,7,0.589,10
89.1,7.066,7,0.589,10
89.2,7.076,7,0.579,10
89.3,7.066,7,0.589,10
89.4,7.066,7,0.589,10
89.5,7.066,7,0.589,10
89.6,7.076,7,0.589,10
89.7,7.066,7,0.589,10
89.8,7.066,7,0.589,10
89.9,7.066,7,0.589,10
90,7.066,7,0.589,10
90.1,7.076,7,0.589,10
90.2,7.066,7,0.589,10
90.3,7.066,7,0.589,10
90.4,7.076,7,0.589,10
90.5,7.076,7,0.589,10
90.6,7.076,7,0.589,10
90.7,7.066,7,0.589,10
90.8,7.076,7,0.589,10
90.9,7.066,7,0.589,10
91,7.066,7,0.589,10
91.1,7.066,7,0.589,10
91.2,7.066,7,0.589,10
91.3,7.066,7,0.589,10
91.4,7.076,7,0.589,10
91.5,7.066,7,0.589,10
91.6,7.066,7,0.589,10
91.7,7.076,7,0.579,10
91.8,7.066,7,0.589,10
91.9,7.066,7,0.589,10
92,7.076,7,0.589,10
92.1,7.076,7,0.589,10
92.2,7.076,7,0.589,10
92.3,7.066,7,0.589,10
92.4,7.076,7,0.589,10
92.5,7.076,7,0.589,10
92.6,7.066,7,0.589,10
92.7,7.066,7,0.589,10
92.8,7.076,7,0.589,10
92.9,7.066,7,0.589,10
93,7.076,7,0.589,10
93.1,7.066,7,0.589,10
93.2,7.066,7,0.589,10
93.3,7.076,7,0.589,10
93.4,7.066,7,0.589,10
93.5,7.066,7,0.589,10
93.6,7.076,7,0.589,10
93.7,7.076,7,0.589,10
93.8,7.076,7,0.589,10
93.9,7.076,7,0.589,10
94,7.066,7,0.589,10
94.1,7.066,7,0.589,10
94.2,7.076,7,0.589,10
94.3,7.066,7,0.589,10
94.4,7.066,7,0.589,10
94.5,7.066,7,0.589,10
94.6,7.076,7,0.589,10
94.7,7.076,7,0.589,10
94.8,7.076,7,0.589,10
94.9,7.066,7,0.589,10
95,7.076,7,0.589,10
95.1,7.066,7,0.589,10
95.2,7.076,7,0.589,10
95.3,7.066,7,0.589,10
95.4,7.076,7,0.589,10
95.5,7.066,7,0.589,10
95.6,7.076,7,0.589,10
95.7,7.066,7,0.589,10
95.8,7.066,7,0.589,10
95.9,7.066,7,0.589,10
96,7.066,7,0.589,10
96.1,7.066,7,0.589,10
96.2,7.076,7,0.589,10
96.3,7.076,7,0.589,10
96.4,7.076,7,0.589,10
96.5,7.066,7,0.589,10
96.6,7.066,7,0.589,10
96.7,7.076,7,0.589,10
96.8,7.066,7,0.589,10
96.9,7.076,7,0.589,10
97,7.076,7,0.589,10
97.1,7.076,7,0.589,10
97.2,7.066,7,0.589,10
97.3,7.066,7,0.589,10
97.4,7.076,7,0.589,10
97.5,7.076,7,0.589,10
97.6,7.066,7,0.589,10
97.7,7.076,7,0.589,10
97.8,7.076,7,0.589,10
97.9,7.076,7,0.579,10
98,7.076,7,0.589,10
98.1,7.076,7,0.589,10
98.2,7.066,7,0.579,10
98.3,7.066,7,0.589,10
98.4,7.066,7,0.589,10
98.5,7.066,7,0.589,10
98.6,7.076,7,0.589,10
98.7,7.076,7,0.589,10
98.8,7.076,7,0.589,10
98.9,7.076,7,0.589,10
99,7.076,7,0.589,10
99.1,7.066,7,0.589,10
99.2,7.066,7,0.589,10
99.3,7.066,7,0.589,10
99.4,7.066,7,0.589,10
99.5,7.066,7,0.589,10
99.6,7.066,7,0.589,10
99.7,7.066,7,0.589,10
99.8,7.066,7,0.589,10
99.9,7.066,7,0.589,10
100,7.066,7,0.589,10
100.1,7.066,7,0.579,10
100.2,7.076,7,0.589,10
100.3,7.066,7,0.589,10
100.4,7.076,7,0.589,10
100.5,7.076,7,0.589,10
100.6,7.076,7,0.589,10
100.7,7.076,7,0.589,10
100.8,7.066,7,0.589,10
100.9,7.076,7,0.589,10
101,7.066,7,0.579,10
101.1,7.066,7,0.589,10
101.2,7.076,7,0.589,10
101.3,7.076,7,0.589,10
101.4,7.066,7,0.589,10
101.5,7.066,7,0.589,10
101.6,7.066,7,0.589,10
101.7,7.066,7,0.589,10
101.8,7.066,7,0.589,10
101.9,7.076,7,0.589,10
102,7.076,7,0.589,10
102.1,7.066,7,0.589,10
102.2,7.066,7,0.589,10
102.3,7.066,7,0.589,10
102.4,7.066,7,0.589,10
102.5,7.066,7,0.589,10
102.6,7.076,7,0.589,10
102.7,7.066,7,0.589,10
102.8,7.066,7,0.589,10
102.9,7.066,7,0.589,10
103,7.066,7,0.589,10
103.1,7.066,7,0.589,10
103.2,7.066,7,0.589,10
103.3,7.076,7,0.589,10
103.4,7.076,7,0.589,10
103.5,7.066,7,0.589,10
103.6,7.076,7,0.579,10
103.7,7.076,7,0.589,10
103.8,7.076,7,0.589,10
103.9,7.076,7,0.589,10
104,7.076,7,0.589,10
104.1,7.076,7,0.589,10
104.2,7.066,7,0.589,10
104.3,7.066,7,0.589,10
104.4,7.076,7,0.589,10
104.5,7.066,7,0.589,10
104.6,7.076,7,0.589,10
104.7,7.066,7,0.589,10
104.8,7.066,7,0.589,10
104.9,7.066,7,0.589,10
105,7.066,7,0.589,10
105.1,7.076,7,0.589,10
105.2,7.076,7,0.589,10
105.3,7.066,7,0.589,10
105.4,7.066,7,0.589,10
105.5,7.066,7,0.589,10
105.6,7.076,7,0.589,10
105.7,7.066,7,0.589,10
105.8,7.076,7,0.589,10
105.9,7.066,7,0.589,10
106,7.076,7,0.589,10
106.1,7.066,7,0.589,10
106.2,7.076,7,0.589,10
106.3,7.076,7,0.589,10
106.4,7.066,7,0.589,10
106.5,7.066,7,0.589,10
106.6,7.066,7,0.589,10
106.7,7.066,7,0.589,10
106.8,7.076,7,0.589,10
106.9,7.066,7,0.589,10
107,7.066,7,0.589,10
107.1,7.066,7,0.589,10
107.2,7.076,7,0.589,10
107.3,7.066,7,0.589,10
107.4,7.066,7,0.589,10
107.5,7.066,7,0.589,10
107.6,7.066,7,0.589,10
107.7,7.066,7,0.589,10
107.8,7.076,7,0.589,10
107.9,7.066,7,0.589,10
108,7.066,7,0.589,10
108.1,7.076,7,0.589,10
108.2,7.076,7,0.589,10
108.3,7.066,7,0.589,10
108.4,7.076,7,0.589,10
108.5,7.066,7,0.589,10
108.6,7.066,7,0.589,10
108.7,7.066,7,0.589,10
108.8,7.066,7,0.589,10
108.9,7.066,7,0.589,10
109,7.066,7,0.579,10
109.1,7.076,7,0.579,10
109.2,7.066,7,0.589,10
109.3,7.076,7,0.589,10
109.4,7.076,7,0.589,10
109.5,7.076,7,0.589,10
109.6,7.066,7,0.589,10
109.7,7.066,7,0.589,10
109.8,7.066,7,0.589,10
109.9,7.066,7,0.589,10
110,7.066,7,0.589,10
110.1,7.066,7,0.589,10
110.2,7.076,7,0.589,10
110.3,7.076,7,0.589,10
110.4,7.066,7,0.589,10
110.5,7.076,7,0.589,10
110.6,7.066,7,0.589,10
110.7,7.066,7,0.579,10
110.8,7.076,7,0.589,10
110.9,7.076,7,0.589,10
111,7.076,7,0.589,10
111.1,7.066,7,0.589,10
111.2,7.066,7,0.589,10
111.3,7.056,7,0.589,10
111.4,7.066,7,0.589,10
111.5,7.066,7,0.589,10
111.6,7.076,7,0.589,10
111.7,7.076,7,0.589,10
111.8,7.066,7,0.589,10
111.9,7.066,7,0.589,10
112,7.076,7,0.589,10
112.1,7.076,7,0.589,10
112.2,7.076,7,0.589,10
112.3,7.066,7,0.589,10
112.4,7.076,7,0.589,10
112.5,7.076,7,0.589,10
112.6,7.076,7,0.589,10
112.7,7.066,7,0.589,10
112.8,7.076,7,0.589,10
112.9,7.076,7,0.589,10
113,7.076,7,0.589,10
113.1,7.066,7,0.589,10
113.2,7.066,7,0.589,10
113.3,7.076,7,0.589,10
113.4,7.076,7,0.589,10
113.5,7.066,7,0.589,10
113.6,7.076,7,0.589,10
113.7,7.066,7,0.589,10
113.8,7.066,7,0.589,10
113.9,7.076,7,0.589,10
114,7.076,7,0.579,10
114.1,7.076,7,0.589,10
114.2,7.076,7,0.589,10
114.3,7.076,7,0.589,10
114.4,7.076,7,0.589,10
114.5,7.066,7,0.589,10
114.6,7.066,7,0.589,10
114.7,7.076,7,0.589,10
114.8,7.066,7,0.589,10
114.9,7.066,7,0.589,10
115,7.076,7,0.589,10
115.1,7.076,7,0.589,10
115.2,7.066,7,0.589,10
115.3,7.076,7,0.589,10
115.4,7.076,7,0.589,10
115.5,7.076,7,0.589,10
115.6,7.066,7,0.589,10
115.7,7.076,7,0.589,10
115.8,7.066,7,0.589,10
115.9,7.076,7,0.589,10
116,7.066,7,0.589,10
116.1,7.066,7,0.589,10
116.2,7.076,7,0.589,10
116.3,7.066,7,0.589,10
116.4,7.076,7,0.589,10
116.5,7.076,7,0.589,10
116.6,7.076,7,0.589,10
116.7,7.066,7,0.589,10
116.8,7.076,7,0.589,10
116.9,7.076,7,0.589,10
117,7.066,7,0.589,10
117.1,7.066,7,0.589,10
117.2,7.066,7,0.579,10
117.3,7.066,7,0.589,10
117.4,7.066,7,0.589,10
117.5,7.066,7,0.589,10
117.6,7.066,7,0.589,10
117.7,7.076,7,0.589,10
117.8,7.066,7,0.589,10
117.9,7.076,7,0.589,10
118,7.066,7,0.589,10
118.1,7.076,7,0.589,10
118.2,7.066,7,0.589,10
118.3,7.076,7,0.589,10
118.4,7.066,7,0.589,10
118.5,7.076,7,0.589,10
118.6,7.066,7,0.589,10
118.7,7.076,7,0.589,10
118.8,7.066,7,0.589,10
118.9,7.066,7,0.589,10
119,7.066,7,0.579,10
119.1,7.066,7,0.579,10
119.2,7.076,7,0.589,10
119.3,7.066,7,0.589,10
119.4,7.066,7,0.589,10
119.5,7.066,7,0.589,10
119.6,7.076,7,0.589,10
119.7,7.066,7,0.589,10
119.8,7.066,7,0.589,10
119.9,7.066,7,0.589,10
120,7.066,7,0.589,10
120.1,7.076,7,0.589,10
120.2,7.066,7,0.589,10
120.3,7.066,7,0.589,10
120.4,7.066,7,0.589,10
120.5,7.066,7,0.589,10
120.6,7.076,7,0.589,10
120.7,7.066,7,0.589,10
120.8,7.066,7,0.589,10
120.9,7.076,7,0.589,10
121,7.076,7,0.589,10
121.1,7.066,7,0.589,10
121.2,7.066,7,0.589,10
121.3,7.076,7,0.589,10
121.4,7.066,7,0.589,10
121.5,7.076,7,0.589,10
121.6,7.076,7,0.589,10
121.7,7.066,7,0.589,10
121.8,7.076,7,0.589,10
121.9,7.076,7,0.589,10
122,7.076,7,0.589,10
122.1,7.076,7,0.589,10
122.2,7.066,7,0.589,10
122.3,7.066,7,0.589,10
122.4,7.066,7,0.589,10
122.5,7.076,7,0.589,10
122.6,7.066,7,0.589,10
122.7,7.066,7,0.589,10
122.8,7.066,7,0.589,10
122.9,7.076,7,0.589,10
123,7.066,7,0.589,10
123.1,7.066,7,0.589,10
123.2,7.076,7,0.589,10
123.3,7.076,7,0.589,10
123.4,7.066,7,0.589,10
123.5,7.076,7,0.589,10
123.6,7.076,7,0.589,10
123.7,7.066,7,0.589,10
123.8,7.076,7,0.589,10
123.9,7.066,7,0.589,10
124,7.066,7,0.589,10
124.1,7.066,7,0.589,10
124.2,7.066,7,0.589,10
124.3,7.066,7,0.589,10
124.4,7.066,7,0.589,10
124.5,7.066,7,0.589,10
124.6,7.076,7,0.589,10
124.7,7.066,7,0.589,10
124.8,7.066,7,0.589,10
124.9,7.076,7,0.589,10
125,7.076,7,0.589,10
125.1,7.066,7,0.589,10
125.2,7.066,7,0.589,10
125.3,7.076,7,0.589,10
125.4,7.066,7,0.589,10
125.5,7.066,7,0.589,10
125.6,7.066,7,0.589,10
125.7,7.066,7,0.589,10
125.8,7.066,7,0.589,10
125.9,7.066,7,0.589,10
126,7.076,7,0.589,10
126.1,7.066,7,0.589,10
126.2,7.066,7,0.589,10
126.3,7.066,7,0.589,10
126.4,7.066,7,0.589,10
126.5,7.066,7,0.589,10
126.6,7.066,7,0.589,10
126.7,7.076,7,0.589,10
126.8,7.076,7,0.589,10
126.9,7.076,7,0.589,10
127,7.076,7,0.589,10
127.1,7.066,7,0.589,10
127.2,7.076,7,0.589,10
127.3,7.066,7,0.589,10
127.4,7.066,7,0.589,10
127.5,7.076,7,0.589,10
127.6,7.076,7,0.589,10
127.7,7.076,7,0.589,10
127.8,7.076,7,0.589,10
127.9,7.066,7,0.589,10
128,7.066,7,0.589,10
128.1,7.076,7,0.589,10
128.2,7.066,7,0.589,10
128.3,7.076,7,0.589,10
128.4,7.066,7,0.589,10
128.5,7.076,7,0.589,10
128.6,7.076,7,0.589,10
